{"pos_counts": [0, 14, 3, 4, 14, 0, 6, 50, 0, 0, 0, 11, 0, 4, 22, 0, 0, 1, 0, 85, 24, 3, 2, 3, 4, 0, 0, 0, 0, 2, 0, 0, 0, 0, 0, 9, 21, 0, 12, 0, 7, 18, 1, 12, 9, 0, 11, 4, 1, 6, 29, 1, 80, 1, 1, 2, 2, 64, 0, 0, 62, 1, 0, 1, 3, 2, 6, 74, 1, 0, 1, 2], "pos_weights": [7222000000.0, 514.8571060816353, 2406.3325312224897, 1804.4995488751126, 514.8571060816353, 7222000000.0, 1202.6664662222556, 143.43999713120007, 7222000000.0, 7222000000.0, 7222000000.0, 655.5453949504187, 7222000000.0, 1804.4995488751126, 327.2727123966949, 7222000000.0, 7222000000.0, 7220.9927790072215, 7222000000.0, 83.96470489453289, 299.9166541701394, 2406.3325312224897, 3609.9981950009023, 2406.3325312224897, 1804.4995488751126, 7222000000.0, 7222000000.0, 7222000000.0, 7222000000.0, 3609.9981950009023, 7222000000.0, 7222000000.0, 7222000000.0, 7222000000.0, 7222000000.0, 801.4443553950717, 342.90474557596445, 7222000000.0, 600.8332832638931, 7222000000.0, 1030.7141384694087, 400.22219998765553, 7220.9927790072215, 600.8332832638931, 801.4443553950717, 7222000000.0, 655.5453949504187, 1804.4995488751126, 7220.9927790072215, 1202.6664662222556, 248.03447420570777, 7220.9927790072215, 89.27499888406251, 7220.9927790072215, 7220.9927790072215, 3609.9981950009023, 3609.9981950009023, 111.84374825244144, 7222000000.0, 7222000000.0, 115.48386910509889, 7220.9927790072215, 7222000000.0, 7220.9927790072215, 2406.3325312224897, 3609.9981950009023, 1202.6664662222556, 96.59459328926225, 7220.9927790072215, 7222000000.0, 7220.9927790072215, 3609.9981950009023], "total_samples": 7222}