{
  "tfidf": {
    "macro_f1@0.3": 0.9335024506311238,
    "micro_f1@0.3": 0.9753362116024019,
    "macro_f1@0.4": 0.8926124248098708,
    "micro_f1@0.4": 0.9589124172436448,
    "macro_f1@0.5": 0.8340861073866014,
    "micro_f1@0.5": 0.936064556176288,
    "P@1": 0.9993067590987869,
    "R@1": 0.36549147078609817,
    "P@3": 0.8790294627383015,
    "R@3": 0.835558756667942,
    "P@5": 0.6602426343154246,
    "R@5": 0.9639767069056497,
    "P@10": 0.3551126516464471,
    "R@10": 0.999036465171647,
    "MAP": 0.9978071546376085
  },
  "neobert": {
    "macro_f1@0.3": 0.992306093601528,
    "micro_f1@0.3": 0.9961149961149961,
    "macro_f1@0.4": 0.9954624285781689,
    "micro_f1@0.4": 0.9978592974603484,
    "macro_f1@0.5": 0.9981339427226616,
    "micro_f1@0.5": 0.9988796336889278,
    "P@1": 1.0,
    "R@1": 0.36583809123670474,
    "P@3": 0.8812247255921432,
    "R@3": 0.8375489357551749,
    "P@5": 0.6613518197573657,
    "R@5": 0.9653834082343615,
    "P@10": 0.35545927209705375,
    "R@10": 0.999824063862192,
    "MAP": 0.9998732285430725
  }
}