{
  "aldehydic": 0.5196487599972966,
  "amber": 0.4623168696069084,
  "animal": 0.4911881573227245,
  "balsamic": 0.5273838844187347,
  "citrus": 0.5247292253745168,
  "coumarinic": 0.4425370672311496,
  "creamy_dairy": 0.3905146641862628,
  "earthy": 0.5327048472775467,
  "earthy_mushroom": 0.5,
  "ethereal": 0.46034031326631436,
  "fatty": 0.5252039640686916,
  "fermented": 0.4620070631080013,
  "fermented_cheese": 0.39757473948789174,
  "fishy": 0.4430149609392849,
  "floral": 0.5632979614496783,
  "floral_jasmine": 0.4005498551887703,
  "floral_lily": 0.3916726878919371,
  "floral_rose": 0.3162582282505068,
  "floral_violet": 0.3992837816255683,
  "fresh": 0.48027171164925386,
  "fresh_clean": 0.5,
  "fresh_marine": 0.3992029937836897,
  "fresh_ozonic": 0.5,
  "fresh_watery": 0.5,
  "fruity": 0.5846211418101366,
  "fruity_apple": 0.39996112632911884,
  "fruity_banana": 0.3756604902212849,
  "fruity_berry": 0.3904938599148148,
  "fruity_cherry": 0.4017708702633523,
  "fruity_coconut": 0.4140020061994123,
  "fruity_grape": 0.3883700978576748,
  "fruity_melon": 0.4022941249371806,
  "fruity_peach": 0.3758221590336802,
  "fruity_pear": 0.391087444640617,
  "fruity_plum": 0.37628588370061894,
  "fruity_tropical": 0.4046915746435498,
  "green": 0.44293351917886564,
  "green_leafy": 0.39549557313553163,
  "herbal": 0.5834738027008888,
  "herbal_lavender": 0.422731645750281,
  "leathery": 0.4539099294485483,
  "medicinal": 0.46838590954528103,
  "minty": 0.49877007374146026,
  "musky": 0.3928760290484604,
  "nutty": 0.5007408982463599,
  "nutty_almond": 0.39682012343942946,
  "powdery": 0.4529807034064442,
  "roasted": 0.4875426291859987,
  "roasted_coffee": 0.40282133934457565,
  "savory_meaty": 0.3889212639937525,
  "smoky": 0.4478673693312306,
  "smoky_phenolic": 0.3789534958446736,
  "spicy": 0.5061488167353903,
  "spicy_anise": 0.36893007183067295,
  "spicy_cinnamon": 0.4599490700221744,
  "spicy_clove": 0.3968485167337711,
  "spicy_pepper": 0.3961014593127004,
  "spicy_warm": 0.5,
  "sulfurous": 0.5261702903901835,
  "sulfurous_allium": 0.4062790334931859,
  "sweet": 0.6073704076044351,
  "sweet_caramel": 0.5,
  "sweet_chocolate": 0.39353346520172366,
  "sweet_honey": 0.5,
  "sweet_vanilla": 0.5,
  "tobacco": 0.46237416541658666,
  "waxy": 0.5537402458197348,
  "woody": 0.55811476915663,
  "woody_cedar": 0.4020576778152022,
  "woody_earthy": 0.3936632945994815,
  "woody_pine": 0.4417262456444468,
  "woody_sandalwood": 0.41007043942222904
}