{
  "macro_f1": 0.3802240749538193,
  "micro_f1": 0.9156422212802034,
  "recall_at_5": 0.913361948632049,
  "config": {
    "bert_weight": 0.7,
    "tfidf_weight": 0.3,
    "kg_boost": 1.1
  }
}