{
  "train_loss": [
    0.13916486596277314,
    0.0022002364004238334,
    0.0021363056742830762
  ],
  "val_loss": [
    0.0021728759453298503,
    0.002133009631911086,
    0.002136831368710616
  ],
  "val_f1": [
    0.0,
    0.0,
    0.0
  ],
  "learning_rate": [
    1.4280303030303032e-05,
    7.140151515151516e-06,
    0.0
  ]
}